Designator,Value,Package,Mid X,Mid Y,Rotation,Layer
C1,100 nF,C_0402_1005Metric_Pad0.74x0.62mm_HandSolder,58.085786,-31.75,90,top
C2,100 nF,C_0402_1005Metric_Pad0.74x0.62mm_HandSolder,67.085786,-33,0,top
C3,100 nF,C_0402_1005Metric_Pad0.74x0.62mm_HandSolder,64.8175,-42.5,180,top
C4,100 nF,C_0402_1005Metric_Pad0.74x0.62mm_HandSolder,56,-37.25,-90,top
C5,4.7 uF,C_0402_1005Metric_Pad0.74x0.62mm_HandSolder,48.1825,-59.25,180,top
D1,D_Schottky,D_SOD-323,56.585786,-30.95,90,top
D2,LED,LED_0603_1608Metric_Notext,21.740605,-25.839231,45,top
D3,LED,LED_0603_1608Metric_Notext,24.240605,-25.839231,45,top
D4,LED,LED_0603_1608Metric_Notext,26.740605,-25.839231,45,top
D5,LED,LED_0603_1608Metric_Notext,29.240605,-25.839231,45,top
D6,LED,LED_0603_1608Metric_Notext,31.740605,-25.839231,45,top
D7,LED,LED_0603_1608Metric_Notext,34.240605,-25.839231,45,top
D8,LED,LED_0603_1608Metric_Notext,36.740605,-25.839231,45,top
D9,LED,LED_0603_1608Metric_Notext,39.240605,-25.839231,45,top
D10,LED,LED_0603_1608Metric_Notext,41.740605,-25.839231,45,top
D11,LED,LED_0603_1608Metric_Notext,44.240605,-25.839231,45,top
D12,LED,LED_0603_1608Metric_Notext,46.740605,-25.839231,45,top
D13,LED,LED_0603_1608Metric_Notext,49.240605,-25.839231,45,top
D14,LED,LED_0603_1608Metric_Notext,21.740605,-28.339231,45,top
D15,LED,LED_0603_1608Metric_Notext,24.240605,-28.339231,45,top
D16,LED,LED_0603_1608Metric_Notext,26.740605,-28.339231,45,top
D17,LED,LED_0603_1608Metric_Notext,29.240605,-28.339231,45,top
D18,LED,LED_0603_1608Metric_Notext,31.740605,-28.339231,45,top
D19,LED,LED_0603_1608Metric_Notext,34.240605,-28.339231,45,top
D20,LED,LED_0603_1608Metric_Notext,36.740605,-28.339231,45,top
D21,LED,LED_0603_1608Metric_Notext,39.240605,-28.339231,45,top
D22,LED,LED_0603_1608Metric_Notext,41.740605,-28.339231,45,top
D23,LED,LED_0603_1608Metric_Notext,44.240605,-28.339231,45,top
D24,LED,LED_0603_1608Metric_Notext,46.740605,-28.339231,45,top
D25,LED,LED_0603_1608Metric_Notext,49.240605,-28.339231,45,top
D26,LED,LED_0603_1608Metric_Notext,21.740605,-30.839231,45,top
D27,LED,LED_0603_1608Metric_Notext,24.240605,-30.839231,45,top
D28,LED,LED_0603_1608Metric_Notext,26.740605,-30.839231,45,top
D29,LED,LED_0603_1608Metric_Notext,29.240605,-30.839231,45,top
D30,LED,LED_0603_1608Metric_Notext,31.740605,-30.839231,45,top
D31,LED,LED_0603_1608Metric_Notext,34.240605,-30.839231,45,top
D32,LED,LED_0603_1608Metric_Notext,36.740605,-30.839231,45,top
D33,LED,LED_0603_1608Metric_Notext,39.240605,-30.839231,45,top
D34,LED,LED_0603_1608Metric_Notext,41.740605,-30.839231,45,top
D35,LED,LED_0603_1608Metric_Notext,44.240605,-30.839231,45,top
D36,LED,LED_0603_1608Metric_Notext,46.740605,-30.839231,45,top
D37,LED,LED_0603_1608Metric_Notext,49.240605,-30.839231,45,top
D38,LED,LED_0603_1608Metric_Notext,21.740605,-33.339231,45,top
D39,LED,LED_0603_1608Metric_Notext,24.240605,-33.339231,45,top
D40,LED,LED_0603_1608Metric_Notext,26.740605,-33.339231,45,top
D41,LED,LED_0603_1608Metric_Notext,29.240605,-33.339231,45,top
D42,LED,LED_0603_1608Metric_Notext,31.740605,-33.339231,45,top
D43,LED,LED_0603_1608Metric_Notext,34.240605,-33.339231,45,top
D44,LED,LED_0603_1608Metric_Notext,36.740605,-33.339231,45,top
D45,LED,LED_0603_1608Metric_Notext,39.240605,-33.339231,45,top
D46,LED,LED_0603_1608Metric_Notext,41.740605,-33.339231,45,top
D47,LED,LED_0603_1608Metric_Notext,44.240605,-33.339231,45,top
D48,LED,LED_0603_1608Metric_Notext,46.740605,-33.339231,45,top
D49,LED,LED_0603_1608Metric_Notext,49.240605,-33.339231,45,top
D50,LED,LED_0603_1608Metric_Notext,21.740605,-35.839231,45,top
D51,LED,LED_0603_1608Metric_Notext,24.240605,-35.839231,45,top
D52,LED,LED_0603_1608Metric_Notext,26.740605,-35.839231,45,top
D53,LED,LED_0603_1608Metric_Notext,29.240605,-35.839231,45,top
D54,LED,LED_0603_1608Metric_Notext,31.740605,-35.839231,45,top
D55,LED,LED_0603_1608Metric_Notext,34.240605,-35.839231,45,top
D56,LED,LED_0603_1608Metric_Notext,36.740605,-35.839231,45,top
D57,LED,LED_0603_1608Metric_Notext,39.240605,-35.839231,45,top
D58,LED,LED_0603_1608Metric_Notext,41.740605,-35.839231,45,top
D59,LED,LED_0603_1608Metric_Notext,44.240605,-35.839231,45,top
D60,LED,LED_0603_1608Metric_Notext,46.740605,-35.839231,45,top
D61,LED,LED_0603_1608Metric_Notext,49.240605,-35.839231,45,top
D62,LED,LED_0603_1608Metric_Notext,21.740605,-38.339231,45,top
D63,LED,LED_0603_1608Metric_Notext,24.240605,-38.339231,45,top
D64,LED,LED_0603_1608Metric_Notext,26.740605,-38.339231,45,top
D65,LED,LED_0603_1608Metric_Notext,29.240605,-38.339231,45,top
D66,LED,LED_0603_1608Metric_Notext,31.740605,-38.339231,45,top
D67,LED,LED_0603_1608Metric_Notext,34.240605,-38.339231,45,top
D68,LED,LED_0603_1608Metric_Notext,36.740605,-38.339231,45,top
D69,LED,LED_0603_1608Metric_Notext,39.240605,-38.339231,45,top
D70,LED,LED_0603_1608Metric_Notext,41.740605,-38.339231,45,top
D71,LED,LED_0603_1608Metric_Notext,44.240605,-38.339231,45,top
D72,LED,LED_0603_1608Metric_Notext,46.740605,-38.339231,45,top
D73,LED,LED_0603_1608Metric_Notext,49.240605,-38.339231,45,top
D74,LED,LED_0603_1608Metric_Notext,21.740605,-40.839231,45,top
D75,LED,LED_0603_1608Metric_Notext,24.240605,-40.839231,45,top
D76,LED,LED_0603_1608Metric_Notext,26.740605,-40.839231,45,top
D77,LED,LED_0603_1608Metric_Notext,29.240605,-40.839231,45,top
D78,LED,LED_0603_1608Metric_Notext,31.740605,-40.839231,45,top
D79,LED,LED_0603_1608Metric_Notext,34.240605,-40.839231,45,top
D80,LED,LED_0603_1608Metric_Notext,36.740605,-40.839231,45,top
D81,LED,LED_0603_1608Metric_Notext,39.240605,-40.839231,45,top
D82,LED,LED_0603_1608Metric_Notext,41.740605,-40.839231,45,top
D83,LED,LED_0603_1608Metric_Notext,44.240605,-40.839231,45,top
D84,LED,LED_0603_1608Metric_Notext,46.740605,-40.839231,45,top
D85,LED,LED_0603_1608Metric_Notext,49.240605,-40.839231,45,top
D86,LED,LED_0603_1608Metric_Notext,21.740605,-43.339231,45,top
D87,LED,LED_0603_1608Metric_Notext,24.240605,-43.339231,45,top
D88,LED,LED_0603_1608Metric_Notext,26.740605,-43.339231,45,top
D89,LED,LED_0603_1608Metric_Notext,29.240605,-43.339231,45,top
D90,LED,LED_0603_1608Metric_Notext,31.740605,-43.339231,45,top
D91,LED,LED_0603_1608Metric_Notext,34.240605,-43.339231,45,top
D92,LED,LED_0603_1608Metric_Notext,36.740605,-43.339231,45,top
D93,LED,LED_0603_1608Metric_Notext,39.240605,-43.339231,45,top
D94,LED,LED_0603_1608Metric_Notext,41.740605,-43.339231,45,top
D95,LED,LED_0603_1608Metric_Notext,44.240605,-43.339231,45,top
D96,LED,LED_0603_1608Metric_Notext,46.740605,-43.339231,45,top
D97,LED,LED_0603_1608Metric_Notext,49.240605,-43.339231,45,top
D98,LED,LED_0603_1608Metric_Notext,21.740605,-45.839231,45,top
D99,LED,LED_0603_1608Metric_Notext,24.240605,-45.839231,45,top
D100,LED,LED_0603_1608Metric_Notext,26.740605,-45.839231,45,top
D101,LED,LED_0603_1608Metric_Notext,29.240605,-45.839231,45,top
D102,LED,LED_0603_1608Metric_Notext,31.740605,-45.839231,45,top
D103,LED,LED_0603_1608Metric_Notext,34.240605,-45.839231,45,top
D104,LED,LED_0603_1608Metric_Notext,36.740605,-45.839231,45,top
D105,LED,LED_0603_1608Metric_Notext,39.240605,-45.839231,45,top
D106,LED,LED_0603_1608Metric_Notext,41.740605,-45.839231,45,top
D107,LED,LED_0603_1608Metric_Notext,44.240605,-45.839231,45,top
D108,LED,LED_0603_1608Metric_Notext,46.740605,-45.839231,45,top
D109,LED,LED_0603_1608Metric_Notext,49.240605,-45.839231,45,top
D110,LED,LED_0603_1608Metric_Notext,21.740605,-48.339231,45,top
D111,LED,LED_0603_1608Metric_Notext,24.240605,-48.339231,45,top
D112,LED,LED_0603_1608Metric_Notext,26.740605,-48.339231,45,top
D113,LED,LED_0603_1608Metric_Notext,29.240605,-48.339231,45,top
D114,LED,LED_0603_1608Metric_Notext,31.740605,-48.339231,45,top
D115,LED,LED_0603_1608Metric_Notext,34.240605,-48.339231,45,top
D116,LED,LED_0603_1608Metric_Notext,36.740605,-48.339231,45,top
D117,LED,LED_0603_1608Metric_Notext,39.240605,-48.339231,45,top
D118,LED,LED_0603_1608Metric_Notext,41.740605,-48.339231,45,top
D119,LED,LED_0603_1608Metric_Notext,44.240605,-48.339231,45,top
D120,LED,LED_0603_1608Metric_Notext,46.740605,-48.339231,45,top
D121,LED,LED_0603_1608Metric_Notext,49.240605,-48.339231,45,top
D122,LED,LED_0603_1608Metric_Notext,21.740605,-50.839231,45,top
D123,LED,LED_0603_1608Metric_Notext,24.240605,-50.839231,45,top
D124,LED,LED_0603_1608Metric_Notext,26.740605,-50.839231,45,top
D125,LED,LED_0603_1608Metric_Notext,29.240605,-50.839231,45,top
D126,LED,LED_0603_1608Metric_Notext,31.740605,-50.839231,45,top
D127,LED,LED_0603_1608Metric_Notext,34.240605,-50.839231,45,top
D128,LED,LED_0603_1608Metric_Notext,36.740605,-50.839231,45,top
D129,LED,LED_0603_1608Metric_Notext,39.240605,-50.839231,45,top
D130,LED,LED_0603_1608Metric_Notext,41.740605,-50.839231,45,top
D131,LED,LED_0603_1608Metric_Notext,44.240605,-50.839231,45,top
D132,LED,LED_0603_1608Metric_Notext,46.740605,-50.839231,45,top
D133,LED,LED_0603_1608Metric_Notext,49.240605,-50.839231,45,top
D134,LED,LED_0603_1608Metric_Notext,21.740605,-53.339231,45,top
D135,LED,LED_0603_1608Metric_Notext,24.240605,-53.339231,45,top
D136,LED,LED_0603_1608Metric_Notext,26.740605,-53.339231,45,top
D137,LED,LED_0603_1608Metric_Notext,29.240605,-53.339231,45,top
D138,LED,LED_0603_1608Metric_Notext,31.740605,-53.339231,45,top
D139,LED,LED_0603_1608Metric_Notext,34.240605,-53.339231,45,top
D140,LED,LED_0603_1608Metric_Notext,36.740605,-53.339231,45,top
D141,LED,LED_0603_1608Metric_Notext,39.240605,-53.339231,45,top
D142,LED,LED_0603_1608Metric_Notext,41.740605,-53.339231,45,top
D143,LED,LED_0603_1608Metric_Notext,44.240605,-53.339231,45,top
D144,LED,LED_0603_1608Metric_Notext,46.740605,-53.339231,45,top
D145,LED,LED_0603_1608Metric_Notext,49.240605,-53.339231,45,top
J1,Conn_01x03_Socket,RoundSolderPad_1x3_1mm,69.585786,-50.5,90,top
J2,Conn_01x04_Socket,RoundSolderPad_1x4_1mm,59.710786,-24.25,0,top
J3,Conn_01x02,Keystone_1057,48.585786,-72.75,0,top
R1,10K,R_0402_1005Metric_Pad0.72x0.64mm_HandSolder_Notext,60.75,-28.5,-90,top
R2,1000,R_0402_1005Metric_Pad0.72x0.64mm_HandSolder_Notext,37.285786,-56.75,0,top
R3,1000,R_0402_1005Metric_Pad0.72x0.64mm_HandSolder_Notext,37.335786,-61.75,0,top
R4,1000,R_0402_1005Metric_Pad0.72x0.64mm_HandSolder_Notext,29.683286,-59.25,0,top
R5,1000,R_0402_1005Metric_Pad0.72x0.64mm_HandSolder_Notext,44.738286,-59.25,0,top
R6,1000,R_0402_1005Metric_Pad0.72x0.64mm_HandSolder_Notext,61.663286,-60.5,0,top
R7,1000,R_0402_1005Metric_Pad0.72x0.64mm_HandSolder_Notext,67.663286,-63,0,top
R8,220,R_0402_1005Metric_Pad0.72x0.64mm_HandSolder_Notext,51.75,-24.5,180,top
R9,220,R_0402_1005Metric_Pad0.72x0.64mm_HandSolder_Notext,51.75,-27,180,top
R10,220,R_0402_1005Metric_Pad0.72x0.64mm_HandSolder_Notext,51.75,-29.5,180,top
R11,220,R_0402_1005Metric_Pad0.72x0.64mm_HandSolder_Notext,51.75,-32,180,top
R12,220,R_0402_1005Metric_Pad0.72x0.64mm_HandSolder_Notext,51.75,-34.5,180,top
R13,220,R_0402_1005Metric_Pad0.72x0.64mm_HandSolder_Notext,51.75,-37,180,top
R14,220,R_0402_1005Metric_Pad0.72x0.64mm_HandSolder_Notext,51.75,-39.5,180,top
R15,220,R_0402_1005Metric_Pad0.72x0.64mm_HandSolder_Notext,51.75,-42,180,top
R16,220,R_0402_1005Metric_Pad0.72x0.64mm_HandSolder_Notext,51.75,-44.5,180,top
R17,220,R_0402_1005Metric_Pad0.72x0.64mm_HandSolder_Notext,51.75,-47,180,top
R18,220,R_0402_1005Metric_Pad0.72x0.64mm_HandSolder_Notext,51.75,-49.5,180,top
R19,220,R_0402_1005Metric_Pad0.72x0.64mm_HandSolder_Notext,51.75,-52,180,top
REF**,MountingHole,MountingHole,23.5,-18.5,0,top
REF**,MountingHole,MountingHole,23.5,-110.5,180,top
REF**,MountingHole,MountingHole,67.5,-18.5,0,top
REF**,MountingHole,MountingHole,67.5,-110.5,180,top
SW1,Up,SW_TL1015AF160QG,33.085786,-56.75,0,top
SW2,Left,SW_TL1015AF160QG,25.585786,-59.25,0,top
SW3,Down,SW_TL1015AF160QG,33.085786,-61.75,0,top
SW4,Right,SW_TL1015AF160QG,40.585786,-59.25,0,top
SW5,A,SW_TL1015AF160QG,57.510786,-60.5,0,top
SW6,B,SW_TL1015AF160QG,63.510786,-63,0,top
U1,STM32F103C8T6,QFP50P900X900X160-48N,61.765786,-36.75,0,top
